<?xml version="1.0" ?>
<GUILayout>
	<Window Type="TaharezLook/FrameWindow" Name="chatbox">
		<Property Name="Text" Value="Chatbox" />
		<Property Name="Alpha" Value="0.800000" />
		<Property Name="RelativeRect" Value="l:0.005 t:0.65 r:0.9950 b:0.995" />
		<Window Type="TaharezLook/MultiLineEditbox" Name="eb_messagebox">
			<Property Name="Alpha" Value="0.800000" />
			<Property Name="RelativeRect" Value="l:0.02 t:0.15 r:00.98 b:0.7" />
			<Property Name="MaxTextLength" Value="65000" />
		</Window>
		<Window Type="TaharezLook/MultiLineEditbox" Name="eb_editbox">
			<Property Name="RelativeRect" Value="l:0.02 t:0.705 r:0.98 b:0.885" />
		</Window>
		<Window Type="TaharezLook/Button" Name="btn_send">
			<Property Name="RelativeRect" Value="l:0.9 t:0.905 r:0.98 b:0.985" />
			<Property Name="Text" Value="send" />
		</Window>
	</Window>
</GUILayout>
