<?xml version="1.0" ?>
<GUILayout>

		<Window Type="TaharezLook/FrameWindow" Name="dialog">

			<Property Name="RelativeRect" Value="l:0.280313 t:0.190833 r:0.736563 b:0.738750" />
			<Property Name="Text" Value="Select a level" />

			<Window Type="TaharezLook/Listbox" Name="lst_levels">

				<Property Name="RelativeRect" Value="l:0.046251 t:0.129167 r:0.440000 b:0.927085" />

				<!--Window Type="TaharezLook/ListHeaderSegment" Name="lst_hs">
					<Property Name="AbsoluteRect" Value="l:2.000000 t:2.000000 r:112.000000 b:32.000000" />
					<Property Name="RelativeRect" Value="l:0.020000 t:0.010000 r:0.980000 b:0.150000" />
					<Property Name="Text" Value="Available levels" />
				</Window-->

			</Window>

			<Window Type="TaharezLook/Button" Name="btn_start">

				<Property Name="AbsoluteRect" Value="l:135.000000 t:192.000000 r:278.000000 b:215.000000" />
				<Property Name="RelativeRect" Value="l:0.462188 t:0.729583 r:0.951250 b:0.819166" />
				<Property Name="Text" Value="Start" />

			</Window>

			<Window Type="TaharezLook/Button" Name="btn_return">

				<Property Name="AbsoluteRect" Value="l:134.000000 t:223.000000 r:278.000000 b:244.000000" />
				<Property Name="RelativeRect" Value="l:0.459063 t:0.848334 r:0.951828 b:0.927501" />
				<Property Name="Text" Value="Return" />
			
			</Window>
			
			<Window Type="TaharezLook/StaticImage" Name="img_pic">

				<Property Name="RelativeRect" Value="l:0.464062 t:0.133333 r:0.954687 b:0.679168" />
			</Window>

		</Window>

</GUILayout>
