<?xml version="1.0" ?>
<GUILayout>
	<Window Type="DefaultWindow" Name="menu">
			<Property Name="Alpha" Value="0.700000" />
			<Window Type="TaharezLook/Button" Name="btn_start">
				<Property Name="RelativeRect" Value="l:0.010000 t:0.55 r:0.160000 b:0.60" />
				<Property Name="Text" Value="start" />
			</Window>
			<Window Type="TaharezLook/Button" Name="btn_game_settings">
				<Property Name="RelativeRect" Value="l:0.01000 t:0.65 r:0.16 b:0.70" />
				<Property Name="Text" Value="game settings" />
			</Window>
			<Window Type="TaharezLook/Button" Name="btn_quit">
				<Property Name="RelativeRect" Value="l:0.01 t:0.75 r:0.16 b:0.80" />
				<Property Name="Text" Value="quit" />
			</Window>
		</Window>
</GUILayout>
